<?xml version="1.0" encoding="UTF-8"?>
<project-private xmlns="http://www.netbeans.org/ns/project-private/1">
    <editor-bookmarks xmlns="http://www.netbeans.org/ns/editor-bookmarks/2" lastBookmarkId="0"/>
    <open-files xmlns="http://www.netbeans.org/ns/projectui-open-files/2">
        <group>
            <file>file:/D:/Java%20Bootcamp%20%231/Servlet/CobaServlet/src/java/com/cobaServlet/dao/UserDao.java</file>
            <file>file:/D:/Java%20Bootcamp%20%231/Servlet/CobaServlet/web/index.jsp</file>
            <file>file:/D:/Java%20Bootcamp%20%231/Servlet/CobaServlet/src/java/com/cobaServlet/controller/UserController.java</file>
        </group>
    </open-files>
</project-private>
